2018/03/03,1.0
2018/03/04,1.0
2018/03/05,1.0
2018/03/06,1.0
2018/03/07,1.0
2018/03/08,1.0
2018/03/09,1.0
2018/03/10,1.0
2018/03/11,1.0
2018/03/12,1.0
2018/03/13,1.0
2018/03/14,1.0
2018/03/15,1.0
2018/03/16,1.0
2018/03/17,1.0
2018/03/18,1.0
2018/03/19,1.0
2018/03/20,1.0
2018/03/21,1.0
2018/03/22,1.0
2018/03/23,1.0
2018/03/24,1.0
2018/03/25,1.0
2018/03/26,1.0
2018/03/27,1.0
2018/03/28,1.0
2018/03/29,1.0
2018/03/30,1.0
2018/03/31,1.0
2018/04/01,1.0
2018/04/02,1.0
2018/04/03,1.0
2018/04/04,1.0
2018/04/05,1.0
2018/04/06,1.0
2018/04/07,1.0
2018/04/08,1.0
2018/04/09,1.0
2018/04/10,1.0
2018/04/11,1.0
2018/04/12,1.0
2018/04/13,1.0
2018/04/14,1.0
2018/04/15,1.0
2018/04/16,1.0
2018/04/17,1.0
2018/04/18,1.0
2018/04/19,1.0
2018/04/20,1.0
2018/04/21,0.9404635769473446
2018/04/22,0.969582971225848
2018/04/23,1.0
2018/04/24,1.0
2018/04/25,1.0
2018/04/26,1.0
2018/04/27,1.0
2018/04/28,1.0
2018/04/29,1.0
2018/04/30,1.0
2018/05/01,1.0
2018/05/02,1.0
2018/05/03,1.0
2018/05/04,1.0
2018/05/05,1.0
2018/05/06,1.0
2018/05/07,1.0
2018/05/08,1.0
2018/05/10,0.9404754818509744
2018/05/10,0.9404754818509744
2018/05/11,1.0
2018/05/12,1.0
2018/05/13,1.0
2018/05/14,1.0
2018/05/15,1.0
2018/05/16,1.0
2018/05/17,1.0
2018/05/18,1.0
2018/05/19,0.9967737711163228
2018/05/20,0.9967737711163228
2018/05/21,0.9967737711163228
2018/05/22,0.9967737711163228
2018/05/23,0.9967737711163228
2018/05/24,0.9967737711163228
2018/05/25,0.9967737711163228
2018/05/26,0.9967737711163228
2018/05/27,0.9967737711163228
2018/05/28,0.9967737711163228
2018/05/29,0.9926903891712997
2018/05/31,1.0
2018/05/31,1.0
2018/06/01,1.0
2018/06/02,1.0
2018/06/03,1.0
2018/06/04,1.0
2018/06/06,0.9969880593816594
2018/06/06,0.9969880593816594
2018/06/07,0.9404754818509744
2018/06/09,1.0
2018/06/09,1.0
2018/06/10,1.0
2018/06/11,1.0
2018/06/12,1.0
2018/06/13,1.0
2018/06/14,1.0
2018/06/15,1.0
2018/06/16,1.0
2018/06/17,1.0
2018/06/18,1.0
2018/06/19,1.0
2018/06/20,1.0
2018/06/21,1.0
2018/06/22,1.0
2018/06/23,1.0
2018/06/24,1.0
2018/06/25,1.0
2018/06/26,1.0
2018/06/27,1.0
2018/06/28,1.0
2018/06/29,1.0
2018/06/30,1.0
2018/07/01,1.0
2018/07/03,0.9967737711163228
2018/07/03,0.9967737711163228
2018/07/04,0.9967737711163228
2018/07/05,0.9967737711163228
2018/07/06,0.9967737711163228
2018/07/07,0.9967737711163228
2018/07/08,0.9967737711163228
2018/07/09,0.9967737711163228
2018/07/10,0.9967737711163228
2018/07/11,0.9967737711163228
2018/07/12,0.9967737711163228
2018/07/13,0.9967737711163228
2018/07/14,0.9967737711163228
2018/07/15,1.0
2018/07/16,1.0
2018/07/17,1.0
2018/07/18,1.0
2018/07/19,1.0
2018/07/20,1.0
2018/07/21,1.0
2018/07/22,0.9743806473886594
2018/07/23,0.9743806473886594
2018/07/24,0.9743806473886594
2018/07/25,0.9743806473886594
2018/07/26,0.9743806473886594
2018/07/28,0.9512018000214288
2018/07/28,0.9512018000214288
2018/07/29,0.9743806473886594
2018/07/30,0.9743806473886594
2018/07/31,0.9743806473886594
2018/08/01,0.9743806473886594
2018/08/02,0.9743806473886594
2018/08/03,0.9743806473886594
2018/08/04,0.9743806473886594
2018/08/05,0.9743806473886594
2018/08/06,0.9743806473886594
2018/08/07,0.9743806473886594
2018/08/08,0.9743806473886594
2018/08/09,0.9743806473886594
2018/08/10,0.9743806473886594
2018/08/11,0.9743806473886594
2018/08/12,0.9743806473886594
2018/08/13,0.9743806473886594
2018/08/14,0.9743806473886594
2018/08/16,0.9577137823069323
2018/08/16,0.9577137823069323
2018/08/17,0.9577137823069323
2018/08/18,0.9577137823069323
2018/08/20,0.8809509637019488
2018/08/20,0.8809509637019488
2018/08/21,0.8809509637019488
2018/08/22,0.8809509637019488
2018/08/23,0.8809509637019488
2018/08/24,0.8809509637019488
2018/08/25,0.8809509637019488
2018/08/26,0.8809509637019488
2018/08/27,0.8809509637019488
2018/08/28,0.8809509637019488
2018/08/29,0.8809509637019488
2018/08/30,0.8809509637019488
2018/08/31,0.8809509637019488
2018/09/01,0.8809509637019488
2018/09/02,0.9238086167692473
2018/09/03,0.9238086167692473
2018/09/04,0.9238086167692473
2018/09/05,0.9238086167692473
2018/09/06,1.0
2018/09/07,1.0
2018/09/08,1.0
2018/09/09,1.0
2018/09/10,0.8702365504351243
2018/09/11,0.8702365504351243
2018/09/12,0.8702365504351243
2018/09/13,0.8702365504351243
2018/09/14,0.8702365504351243
2018/09/15,0.8702365504351243
2018/09/16,0.8702365504351243
2018/09/17,0.8702365504351243
2018/09/18,0.8702365504351243
2018/09/19,0.8702365504351243
2018/09/20,0.8702365504351243
2018/09/21,0.8702365504351243
2018/09/22,0.8702365504351243
2018/09/23,0.8702365504351243
2018/09/24,0.8702365504351243
2018/09/25,0.8702365504351243
2018/09/27,0.8702365504351243
2018/09/27,0.8702365504351243
2018/09/28,0.8702365504351243
2018/09/29,0.8702365504351243
2018/09/30,0.8702365504351243
2018/10/01,0.8702365504351243
2018/10/02,0.8702365504351243
2018/10/03,0.8702365504351243
2018/10/04,0.8702365504351243
2018/10/05,0.8702365504351243
2018/10/06,0.8702365504351243
2018/10/07,0.8702365504351243
2018/10/08,0.8702365504351243
2018/10/09,0.8702365504351243
2018/10/10,0.8702365504351243
2018/10/11,0.8702365504351243
2018/10/12,0.8702365504351243
2018/10/13,0.8702365504351243
2018/10/14,0.8154858986416504
2018/10/15,0.8440576673531828
2018/10/16,0.8440576673531828
2018/10/18,0.8869153204204812
2018/10/19,0.8869153204204812
2018/10/19,0.8634983749806546
2018/10/21,0.8677960451910143
2018/10/21,0.8677960451910143
2018/10/23,0.8677960451910143
2018/10/23,0.8630697984499816
2018/10/24,0.8630697984499816
2018/10/25,0.8511767997238062
2018/10/26,0.8321527637233777
2018/10/28,0.8392599911903713
2018/10/28,0.8321527637233777
2018/10/29,0.8357242348123192
2018/10/30,0.8357242348123192
2018/10/31,0.9267610328694389
2018/11/01,0.8957130442029072
2018/11/02,0.8631055131608709
2018/11/03,0.8631055131608709
2018/11/04,0.8631055131608709
2018/11/06,0.8395576137811165
2018/11/07,0.833474208026286
2018/11/07,0.833474208026286
2018/11/08,0.833474208026286
2018/11/09,0.833474208026286
2018/11/10,0.833474208026286
2018/11/11,0.833474208026286
2018/11/12,0.851188704627436
2018/11/13,0.851188704627436
2018/11/14,0.8612840629055108
2018/11/15,0.8612840629055108
2018/11/16,0.8612840629055108
2018/11/18,0.8571054417314492
2018/11/18,0.8571054417314492
2018/11/19,0.7619019274038976
2018/11/20,0.7619019274038976
2018/11/21,0.7619019274038976
2018/11/22,0.7619019274038976
2018/11/23,0.7619019274038976
2018/11/24,0.7619019274038976
2018/11/25,0.7619019274038976
2018/11/27,0.761878117596638
2018/11/28,0.8333075393754688
2018/11/28,0.8245931499184513
2018/11/29,0.8245931499184513
2018/11/30,0.8249979166418648
2018/12/01,0.8154858986416504
2018/12/02,0.8136049238681412
2018/12/03,0.8136644483862904
2018/12/04,0.8136644483862904
2018/12/05,0.8136644483862904
2018/12/06,0.826759842379076
2018/12/07,0.826759842379076
2018/12/08,0.826759842379076
2018/12/09,0.826759842379076
2018/12/10,0.826759842379076
2018/12/11,0.8035809950118453
2018/12/12,0.8035809950118453
2018/12/13,0.7972237764735294
2018/12/14,0.7972237764735294
2018/12/15,0.7740687389135585
2018/12/16,0.7740687389135585
2018/12/18,0.8631055131608709
2018/12/18,0.8631055131608709
2018/12/19,0.8631055131608709
2018/12/20,0.8631055131608709
2018/12/21,0.8631055131608709
2018/12/22,0.8631055131608709
2018/12/23,0.8631055131608709
2018/12/24,0.8631055131608709
2018/12/25,0.8119144275527089
2018/12/27,0.8035809950118453
2018/12/27,0.8035809950118453
2018/12/28,0.80635483755759
2018/12/29,0.80635483755759
2018/12/30,0.80635483755759
2018/12/31,0.80635483755759
2019/01/01,0.8460219764521005
2019/01/03,0.8148549387492708
2019/01/03,0.8148549387492708
2019/01/05,0.7719972856819725
2019/01/05,0.7488184383147418
2019/01/06,0.7488184383147418
2019/01/07,0.7481874784223622
2019/01/08,0.7481874784223622
2019/01/09,0.7481874784223622
2019/01/10,0.7481874784223622
2019/01/11,0.7481874784223622
2019/01/12,0.7481874784223622
2019/01/13,0.7481874784223622
2019/01/14,0.7791402278598555
2019/01/15,0.7791402278598555
2019/01/17,0.7910451314896606
2019/01/17,0.7910451314896606
2019/01/19,0.7677115203752426
2019/01/19,0.7677115203752426
2019/01/20,0.7636638531411089
2019/01/22,0.7546161263824569
2019/01/22,0.7546161263824569
2019/01/24,0.7321515732330147
2019/01/24,0.7321515732330147
2019/01/25,0.7321515732330147
2019/01/26,0.7321515732330147
2019/01/27,0.7321515732330147
2019/01/28,0.7321515732330147
2019/01/29,0.7321515732330147
2019/01/30,0.76786628412243
2019/01/31,0.76786628412243
2019/02/01,0.7726282455743521
2019/02/03,0.8809509637019488
2019/02/03,1.0
2019/02/04,1.0
2019/02/05,1.0
2019/02/06,1.0
2019/02/07,0.8321527637233777
2019/02/08,0.7797711877522351
2019/02/09,0.7714377552113716
2019/02/10,0.7714377552113716
2019/02/11,0.76786628412243
2019/02/12,0.76786628412243
2019/02/14,0.7488184383147418
2019/02/14,0.7476160430481316
2019/02/16,0.7416754961368588
2019/02/16,0.7416754961368588
2019/02/17,0.7416754961368588
2019/02/18,0.8273908022714556
2019/02/19,0.8273908022714556
2019/02/20,0.8273908022714556
2019/02/21,0.8273908022714556
2019/02/22,0.8273908022714556
2019/02/23,0.8273908022714556
2019/02/25,0.7726163406707223
2019/02/26,0.7502708365575781
2019/02/26,0.7488184383147418
2019/02/28,0.7413778735461136
2019/03/01,0.826759842379076
2019/03/01,0.826759842379076
2019/03/02,0.826759842379076
2019/03/03,0.7726282455743521
2019/03/05,0.761878117596638
2019/03/06,0.7499970237740925
2019/03/06,0.7499970237740925
2019/03/07,0.7499970237740925
2019/03/09,0.7612471577042584
2019/03/09,0.7612471577042584
2019/03/10,0.8333313491827283
2019/03/11,0.8333313491827283
2019/03/13,0.7488184383147418
2019/03/13,0.8329503922665745
2019/03/14,0.7464374575887808
2019/03/15,0.7464374575887808
2019/03/16,0.7428659864998393
2019/03/18,0.7440326670555601
2019/03/18,0.7440326670555601
2019/03/19,0.7440326670555601
2019/03/20,0.7440326670555601
2019/03/21,0.7440326670555601
2019/03/22,0.7440326670555601
2019/03/23,0.7476279479517614
2019/03/24,0.7476279479517614
2019/03/25,0.7476279479517614
2019/03/26,0.7380445005297682
2019/03/27,0.7380445005297682
2019/03/28,0.7380445005297682
2019/03/29,0.7380445005297682
2019/03/30,0.7380445005297682
2019/03/31,0.7380445005297682
2019/04/01,0.7142823128846773
2019/04/02,0.7142823128846773
2019/04/03,0.7142823128846773
2019/04/04,0.7142823128846773
2019/04/05,0.7142823128846773
2019/04/06,0.7142823128846773
2019/04/07,0.6856986392695151
2019/04/08,0.6856986392695151
2019/04/09,0.6726270550839891
2019/04/10,0.6726270550839891
2019/04/11,0.6726270550839891
2019/04/12,0.6726270550839891
2019/04/13,0.6726270550839891
2019/04/14,0.665484112906106
2019/04/15,0.665484112906106
2019/04/16,0.665484112906106
2019/04/17,0.665484112906106
2019/04/18,0.660722151454184
2019/04/19,0.660722151454184
2019/04/20,0.660722151454184
2019/04/21,0.660722151454184
2019/04/22,0.7142823128846773
2019/04/23,0.7142823128846773
2019/04/24,0.7142823128846773
2019/04/25,0.6845319587137942
2019/04/26,0.6845319587137942
2019/04/27,0.6845319587137942
2019/04/28,0.6845319587137942
2019/04/29,0.6845319587137942
2019/04/30,0.6845319587137942
2019/05/01,0.7142823128846773
2019/05/03,0.7130918225216967
2019/05/03,0.6785676019952619
2019/05/04,0.6785676019952619
2019/05/05,0.6785676019952619
2019/05/06,0.6785676019952619
2019/05/07,0.6785676019952619
2019/05/08,0.6369123441945738
2019/05/09,0.6547696996392814
2019/05/10,0.6547696996392814
2019/05/11,0.6547696996392814
2019/05/12,0.6547696996392814
2019/05/13,0.6547696996392814
2019/05/15,0.660722151454184
2019/05/15,0.6535792092763009
2019/05/16,0.6535792092763009
2019/05/17,0.6535792092763009
2019/05/18,0.6535792092763009
2019/05/19,0.6285789116537102
2019/05/20,0.6261979309277491
2019/05/21,0.6261979309277491
2019/05/22,0.6214359694758271
2019/05/24,0.6464362670984178
2019/05/24,0.6464362670984178
2019/05/25,0.6464362670984178
2019/05/26,0.6464362670984178
2019/05/28,0.6416743056464957
2019/05/28,0.623578852129192
2019/05/29,0.6083405754830414
2019/05/30,0.611912046571983
2019/05/31,0.609531065846022
2019/06/01,0.609531065846022
2019/06/02,0.609531065846022
2019/06/03,0.609531065846022
2019/06/04,0.609531065846022
2019/06/05,0.609531065846022
2019/06/06,0.609531065846022
2019/06/07,0.616674008023905
2019/06/08,0.616674008023905
2019/06/09,0.616674008023905
2019/06/10,0.6131025369349635
2019/06/11,0.6131025369349635
2019/06/12,0.6214359694758271
2019/06/14,0.6070905606019119
2019/06/14,0.6023881236681389
2019/06/15,0.6023881236681389
2019/06/16,0.6023881236681389
2019/06/17,0.5940546911272753
2019/06/18,0.6416743056464957
2019/06/20,0.5904832200383338
2019/06/20,0.5892927296753533
2019/06/21,0.5858522125263396
2019/06/23,0.5833402778604507
2019/06/23,0.5833402778604507
2019/06/24,0.5881022393123727
2019/06/25,0.5881022393123727
2019/06/27,0.5880427147942238
2019/06/27,0.5880427147942238
2019/06/28,0.5880427147942238
2019/06/29,0.5880427147942238
2019/06/30,0.5880427147942238
2019/07/01,0.5880427147942238
2019/07/02,0.5880427147942238
2019/07/03,0.5880427147942238
2019/07/04,0.6547696996392814
2019/07/05,0.6547696996392814
2019/07/07,0.8333313491827283
2019/07/07,0.8333313491827283
2019/07/08,0.8333313491827283
2019/07/09,0.8333313491827283
2019/07/10,0.8333313491827283
2019/07/11,0.8333313491827283
2019/07/12,0.8333313491827283
2019/07/13,0.8333313491827283
2019/07/14,0.6547577947356517
2019/07/15,0.6547577947356517
2019/07/16,0.6547577947356517
2019/07/17,0.6547577947356517
2019/07/18,0.6547577947356517
2019/07/19,0.6547577947356517
2019/07/20,0.6547577947356517
2019/07/21,0.6547577947356517
2019/07/22,0.6523649091060608
2019/07/23,0.6523649091060608
2019/07/24,0.6523649091060608
2019/07/25,0.6523649091060608
2019/07/26,0.6523649091060608
2019/07/27,0.6523649091060608
2019/07/28,0.6508410814414458
2019/07/30,0.6536149239871902
2019/07/30,0.6536149239871902
2019/07/31,0.6536149239871902
2019/08/01,0.6536149239871902
2019/08/02,0.652353004202431
2019/08/03,0.652353004202431
2019/08/04,0.652353004202431
2019/08/06,0.6452576816390672
2019/08/06,0.6452576816390672
2019/08/07,0.6452576816390672
2019/08/08,0.652353004202431
2019/08/09,0.652353004202431
2019/08/10,0.6523768140096906
2019/08/11,0.6523768140096906
2019/08/12,0.6523768140096906
2019/08/13,0.6523768140096906
2019/08/14,0.6523768140096906
2019/08/16,0.6333289682020025
2019/08/16,0.6451029178918797
2019/08/17,0.6451029178918797
2019/08/18,0.6351027988428434
2019/08/19,0.6351027988428434
2019/08/21,0.6355194704698865
2019/08/21,0.6355194704698865
2019/08/23,0.6355194704698865
2019/08/23,0.6355194704698865
2019/08/24,0.6355194704698865
2019/08/25,0.6355194704698865
2019/08/26,0.6355194704698865
2019/08/27,0.6355194704698865
2019/08/28,0.6523768140096906
2019/08/30,0.7142823128846773
2019/08/30,0.7142823128846773
2019/08/31,0.7142823128846773
2019/09/01,0.7142823128846773
2019/09/02,0.7142823128846773
2019/09/04,0.8333313491827283
2019/09/04,0.8333313491827283
2019/09/05,0.8333313491827283
2019/09/06,0.8333313491827283
2019/09/07,0.8333313491827283
2019/09/08,0.8333313491827283
2019/09/09,0.8333313491827283
2019/09/10,0.8333313491827283
2019/09/11,0.8333313491827283
2019/09/12,0.8333313491827283
2019/09/13,0.8333313491827283
2019/09/14,0.8333313491827283
2019/09/15,0.8333313491827283
2019/09/16,0.7142823128846773
2019/09/17,0.7142823128846773
2019/09/18,0.7142823128846773
2019/09/19,0.7142823128846773
2019/09/20,0.7142823128846773
2019/09/21,0.7142823128846773
2019/09/22,0.7142823128846773
2019/09/23,0.7142823128846773
2019/09/24,0.7142823128846773
2019/09/25,0.6523768140096906
2019/09/26,0.6523768140096906
2019/09/28,0.7142823128846773
2019/09/28,0.7142823128846773
2019/09/29,0.7142823128846773
2019/09/30,0.7142823128846773
2019/10/01,0.7142823128846773
2019/10/02,0.7142823128846773
2019/10/03,0.7142823128846773
2019/10/04,0.7142823128846773
2019/10/05,0.7142823128846773
2019/10/06,0.7142823128846773
2019/10/07,0.7641519541899309
2019/10/08,0.7641519541899309
2019/10/09,0.7141513589447493
2019/10/10,0.7141513589447493
2019/10/11,0.7141513589447493
2019/10/12,0.7141513589447493
2019/10/13,0.7141513589447493
2019/10/14,0.7141513589447493
2019/10/15,0.7141513589447493
2019/10/17,0.7918784747437468
2019/10/17,0.7918784747437468
2019/10/18,0.6547577947356517
2019/10/19,0.6547577947356517
2019/10/20,0.6547577947356517
2019/10/21,0.6547577947356517
2019/10/22,0.6547577947356517
2019/10/23,0.7142823128846773
2019/10/24,0.7142823128846773
2019/10/25,0.7142823128846773
2019/10/26,0.7142823128846773
2019/10/27,0.7142823128846773
2019/10/28,0.7142823128846773
2019/10/29,0.7142823128846773
2019/10/30,0.7142823128846773
2019/10/31,0.7142823128846773
2019/11/01,0.7142823128846773
2019/11/02,0.7142823128846773
2019/11/03,0.7142823128846773
2019/11/04,0.7142823128846773
2019/11/05,0.7142823128846773
2019/11/06,0.7142823128846773
2019/11/07,0.7142823128846773
2019/11/08,0.7142823128846773
2019/11/09,0.7142823128846773
2019/11/10,0.7023297896403529
2019/11/11,0.7023297896403529
2019/11/12,0.7023297896403529
2019/11/13,0.7023297896403529
2019/11/14,0.7023297896403529
2019/11/15,0.7023297896403529
2019/11/16,0.7770568697246396
2019/11/17,0.7766759128084858
2019/11/18,0.7766759128084858
2019/11/19,0.7766759128084858
2019/11/20,0.7787235562328123
2019/11/21,0.7787235562328123
2019/11/22,0.7787235562328123
2019/11/23,0.7783545042202883
2019/11/24,0.7783545042202883
2019/11/25,0.7783545042202883
2019/11/26,0.7912237050441077
2019/11/27,0.7912237050441077
2019/11/28,0.7912237050441077
2019/11/29,0.7912237050441077
2019/11/30,0.7912237050441077
2019/12/01,0.7912237050441077
2019/12/02,0.7912237050441077
2019/12/03,0.7912237050441077
2019/12/04,0.7912237050441077
2019/12/05,0.7737830212264432
2019/12/06,0.7737830212264432
2019/12/07,0.7737830212264432
2019/12/08,0.7737830212264432
2019/12/09,0.7737830212264432
2019/12/10,0.7737830212264432
2019/12/11,0.7737830212264432
2019/12/13,0.8070691317753782
2019/12/13,0.8070691317753782
2019/12/14,0.8194978511648948
2019/12/15,0.8194978511648948
2019/12/16,0.808307241752878
2019/12/17,0.8082953368492483
2019/12/18,0.8082953368492483
2019/12/19,0.8204264336480196
2019/12/20,0.8207240562387648
2019/12/21,0.8207240562387648
2019/12/22,0.8225097917832355
2019/12/23,0.8226764604340527
2019/12/24,0.8226764604340527
2019/12/25,0.8226764604340527
2019/12/26,0.8261169775830663
2019/12/27,0.8261169775830663
2019/12/28,0.8261169775830663
2019/12/29,0.8261169775830663
2019/12/30,0.8249860117382349
2019/12/31,0.8252955392326099
2020/01/01,0.8252955392326099
2020/01/02,0.8252955392326099
2020/01/03,0.8252955392326099
2020/01/04,0.8252955392326099
2020/01/05,0.8252955392326099
2020/01/06,0.8333313491827283
2020/01/07,0.8333313491827283
2020/01/08,0.8333313491827283
2020/01/09,0.8333313491827283
2020/01/10,0.8333313491827283
2020/01/11,0.8333313491827283
2020/01/12,0.8333313491827283
2020/01/13,0.8333313491827283
2020/01/14,0.8333313491827283
2020/01/15,0.7737830212264432
2020/01/16,0.7737830212264432
2020/01/17,0.7737830212264432
2020/01/18,0.7737830212264432
2020/01/19,0.7737830212264432
2020/01/20,0.7737830212264432
2020/01/21,0.7737830212264432
2020/01/22,0.761878117596638
2020/01/23,0.761878117596638
2020/01/24,0.761878117596638
2020/01/25,0.761878117596638
2020/01/26,0.761878117596638
2020/01/27,0.761878117596638
2020/01/28,0.761878117596638
2020/01/29,0.761878117596638
2020/01/30,0.761878117596638
2020/01/31,0.761878117596638
2020/02/01,0.761878117596638
2020/02/02,0.761878117596638
2020/02/03,0.761878117596638
2020/02/04,0.761878117596638
2020/02/05,0.761878117596638
2020/02/06,0.761878117596638
2020/02/07,0.761878117596638
2020/02/08,0.761878117596638
2020/02/09,0.761878117596638
2020/02/10,0.761878117596638
2020/02/11,0.761878117596638
2020/02/12,0.761878117596638
2020/02/13,0.761878117596638
2020/02/14,0.761878117596638
2020/02/15,0.761878117596638
2020/02/16,0.761878117596638
2020/02/17,0.761878117596638
2020/02/18,0.761878117596638
2020/02/19,0.761878117596638
2020/02/20,0.761878117596638
2020/02/21,0.761878117596638
2020/02/22,0.761878117596638
2020/02/23,0.761878117596638
2020/02/25,0.8324741961213824
2020/02/25,0.8324741961213824
2020/02/26,0.832378956892344
2020/02/27,0.832378956892344
2020/02/28,0.832378956892344
2020/02/29,0.832378956892344
2020/03/01,0.832378956892344
2020/03/02,0.761878117596638
2020/03/03,0.761878117596638
2020/03/04,0.761878117596638
2020/03/06,0.8333313491827283
2020/03/06,0.8333313491827283
2020/03/07,0.8333313491827283
2020/03/08,0.8333313491827283
2020/03/09,0.8333313491827283
2020/03/10,0.8333313491827283
2020/03/12,0.8333313491827283
2020/03/13,0.8333313491827283
2020/03/13,0.8333313491827283
2020/03/15,0.8333313491827283
2020/03/15,0.8333313491827283
2020/03/16,0.8333313491827283
2020/03/17,0.8333313491827283
2020/03/18,0.8333313491827283
2020/03/19,0.8333313491827283
2020/03/20,0.8333313491827283
2020/03/21,0.8333313491827283
2020/03/22,0.8333313491827283
2020/03/24,0.8333313491827283
2020/03/25,0.8333313491827283
2020/03/25,0.8333313491827283
2020/03/26,0.8333313491827283
2020/03/27,0.8333313491827283
2020/03/28,0.8333313491827283
2020/03/29,0.8333313491827283
2020/03/30,0.8333313491827283
2020/03/31,0.8333313491827283
2020/04/01,0.8333313491827283
2020/04/02,0.8333313491827283
2020/04/03,0.8333313491827283
2020/04/04,0.8333313491827283
2020/04/05,0.8333313491827283
2020/04/06,0.8333313491827283
2020/04/08,0.8333313491827283
2020/04/08,0.8333313491827283
2020/04/09,0.8333313491827283
2020/04/10,0.8333313491827283
2020/04/11,0.8333313491827283
2020/04/12,0.8333313491827283
2020/04/14,0.8333313491827283
2020/04/14,0.8333313491827283
2020/04/15,0.8333313491827283
2020/04/16,0.8333313491827283
2020/04/17,0.8333313491827283
2020/04/18,0.8333313491827283
2020/04/19,0.8333313491827283
2020/04/20,0.8333313491827283
2020/04/21,0.8333313491827283
2020/04/22,0.6666626983654568
2020/04/23,0.6666626983654568
2020/04/24,0.7142823128846773
2020/04/26,0.8333313491827283
2020/04/26,0.7083298610697747
2020/04/28,0.7083298610697747
2020/04/28,0.6845200538101645
2020/04/30,0.8333313491827283
2020/04/30,0.8333313491827283
2020/05/01,0.8333313491827283
2020/05/02,0.8333313491827283
2020/05/04,0.8333313491827283
2020/05/04,0.8333313491827283
2020/05/05,0.8333313491827283
2020/05/06,0.8333313491827283
2020/05/07,0.8333313491827283
2020/05/08,0.8333313491827283
2020/05/09,0.8333313491827283
2020/05/10,0.8333313491827283
2020/05/11,0.8333313491827283
2020/05/12,0.8333313491827283
2020/05/13,0.8333313491827283
2020/05/14,0.8333313491827283
2020/05/15,0.8333313491827283
2020/05/16,0.8333313491827283
2020/05/17,0.8333313491827283
2020/05/18,0.8333313491827283
2020/05/19,0.8333313491827283
2020/05/20,0.8333313491827283
2020/05/21,0.8333313491827283
2020/05/22,0.8333313491827283
2020/05/23,0.8333313491827283
2020/05/24,0.8333313491827283
2020/05/25,0.8333313491827283
2020/05/26,0.8333313491827283
2020/05/27,0.8333313491827283
2020/05/28,0.8333313491827283
2020/05/29,0.8333313491827283
2020/05/30,0.8333313491827283
2020/05/31,0.8333313491827283
2020/06/01,0.8333313491827283
2020/06/02,0.8333313491827283
2020/06/03,0.8333313491827283
2020/06/04,0.8333313491827283
2020/06/05,0.8333313491827283
2020/06/06,0.8333313491827283
2020/06/07,0.8333313491827283
2020/06/08,0.8333313491827283
2020/06/09,0.8333313491827283
2020/06/10,0.8333313491827283
2020/06/11,0.8333313491827283
2020/06/12,0.8333313491827283
2020/06/13,0.8333313491827283
2020/06/14,0.8333313491827283
2020/06/15,0.8333313491827283
2020/06/17,0.8333313491827283
2020/06/17,0.8333313491827283
2020/06/18,0.8333313491827283
2020/06/19,0.8333313491827283
2020/06/21,0.8333313491827283
2020/06/21,0.8333313491827283
2020/06/22,0.8333313491827283
2020/06/23,0.8333313491827283
2020/06/25,0.8333313491827283
2020/06/26,0.8333313491827283
2020/06/26,0.8333313491827283
2020/06/28,0.8333313491827283
2020/06/29,0.8333313491827283
2020/06/30,0.8333313491827283
2020/06/30,0.8333313491827283
2020/07/02,0.8333313491827283
2020/07/03,0.8333313491827283
2020/07/03,0.8333313491827283
2020/07/04,0.8333313491827283
2020/07/05,0.8333313491827283
2020/07/06,0.8333313491827283
2020/07/07,0.8333313491827283
2020/07/08,0.8333313491827283
2020/07/09,0.8333313491827283
2020/07/10,0.8333313491827283
2020/07/11,0.8333313491827283
2020/07/13,0.8333313491827283
2020/07/13,0.8333313491827283
2020/07/14,0.8333313491827283
2020/07/15,0.8333313491827283
2020/07/16,0.8333313491827283
2020/07/17,0.8333313491827283
2020/07/18,0.8333313491827283
2020/07/19,0.8333313491827283
2020/07/20,0.8333313491827283
2020/07/21,0.8333313491827283
2020/07/22,0.8333313491827283
2020/07/23,0.8333313491827283
2020/07/24,0.8333313491827283
2020/07/25,0.8333313491827283
2020/07/26,0.8333313491827283
2020/07/27,0.8333313491827283
2020/07/28,0.8333313491827283
2020/07/29,0.8333313491827283
2020/07/30,0.8333313491827283
2020/07/31,0.8333313491827283
2020/08/01,0.8333313491827283
2020/08/02,0.8333313491827283
2020/08/03,0.8333313491827283
2020/08/04,0.8333313491827283
2020/08/05,0.8333313491827283
2020/08/06,0.8333313491827283
2020/08/07,0.8333313491827283
2020/08/08,0.8333313491827283
2020/08/09,0.8333313491827283
2020/08/10,0.8333313491827283
2020/08/11,0.8333313491827283
2020/08/13,0.8333313491827283
2020/08/13,0.8333313491827283
2020/08/14,0.8333313491827283
2020/08/15,0.8333313491827283
2020/08/16,0.8333313491827283
2020/08/17,0.8333313491827283
2020/08/19,0.8333313491827283
2020/08/19,0.7642471934189693
2020/08/21,0.761878117596638
2020/08/21,0.7642471934189693
2020/08/22,0.7642471934189693
2020/08/24,0.8333313491827283
2020/08/24,0.8333313491827283
2020/08/26,0.8333313491827283
2020/08/26,0.8333313491827283
2020/08/27,0.8333313491827283
2020/08/28,0.8333313491827283
2020/08/29,0.8333313491827283
2020/08/30,0.8333313491827283
2020/08/31,0.8333313491827283
2020/09/01,0.8333313491827283
2020/09/02,0.8333313491827283
2020/09/03,0.8333313491827283
2020/09/05,0.8333313491827283
2020/09/05,0.8333313491827283
2020/09/06,0.8333313491827283
2020/09/08,0.8333313491827283
2020/09/08,0.8333313491827283
2020/09/09,0.8333313491827283
2020/09/10,0.8333313491827283
2020/09/11,0.8333313491827283
2020/09/12,0.8333313491827283
2020/09/13,0.8333313491827283
2020/09/14,0.8333313491827283
2020/09/15,0.8333313491827283
2020/09/16,0.8333313491827283
2020/09/17,0.8333313491827283
2020/09/18,0.8333313491827283
2020/09/20,0.8333313491827283
2020/09/20,0.8333313491827283
2020/09/21,0.8333313491827283
2020/09/22,0.8333313491827283
2020/09/23,0.8333313491827283
2020/09/24,0.8333313491827283
2020/09/25,0.8333313491827283
2020/09/26,0.8333313491827283
2020/09/27,0.8333313491827283
2020/09/28,0.8333313491827283
2020/09/29,0.8333313491827283
2020/09/30,0.8333313491827283
2020/10/01,0.8333313491827283
2020/10/02,0.8333313491827283
2020/10/03,0.8333313491827283
2020/10/04,0.8333313491827283
2020/10/05,0.8333313491827283
2020/10/06,0.8333313491827283
2020/10/07,0.8333313491827283
2020/10/08,0.8333313491827283
2020/10/09,0.8333313491827283
2020/10/10,0.8333313491827283
2020/10/11,0.8333313491827283
2020/10/12,0.8333313491827283
2020/10/13,0.8333313491827283
2020/10/14,0.8333313491827283
2020/10/15,0.8333313491827283
2020/10/16,0.761878117596638
2020/10/17,0.761878117596638
2020/10/18,0.761878117596638
2020/10/19,0.761878117596638
2020/10/20,0.761878117596638
2020/10/21,0.761878117596638
2020/10/22,0.761878117596638
2020/10/23,0.761878117596638
2020/10/24,0.761878117596638
2020/10/25,0.761878117596638
2020/10/26,0.761878117596638
2020/10/27,0.761878117596638
2020/10/28,0.761878117596638
2020/10/29,0.761878117596638
2020/10/30,0.761878117596638
2020/10/31,0.761878117596638
2020/11/01,0.761878117596638
2020/11/02,0.761878117596638
2020/11/03,0.761878117596638
2020/11/04,0.761878117596638
2020/11/05,0.761878117596638
2020/11/06,0.761878117596638
2020/11/07,0.761878117596638
2020/11/09,0.761878117596638
2020/11/10,0.761878117596638
2020/11/10,0.761878117596638
2020/11/11,0.761878117596638
2020/11/12,0.761878117596638
2020/11/13,0.761878117596638
2020/11/14,0.761878117596638
2020/11/15,0.761878117596638
2020/11/16,0.761878117596638
2020/11/17,0.761878117596638
2020/11/18,0.761878117596638
2020/11/19,0.761878117596638
2020/11/20,0.761878117596638
2020/11/21,0.761878117596638
2020/11/22,0.761878117596638
2020/11/23,0.761878117596638
2020/11/24,0.761878117596638
2020/11/26,0.761878117596638
2020/11/26,0.761878117596638
2020/11/27,0.761878117596638
2020/11/28,0.761878117596638
2020/11/29,0.761878117596638
2020/11/30,0.761878117596638
2020/12/01,0.761878117596638
2020/12/02,0.761878117596638
2020/12/03,0.761878117596638
2020/12/04,0.761878117596638
2020/12/05,0.8333313491827283
2020/12/06,0.8333313491827283
2020/12/07,0.8333313491827283
2020/12/08,0.8333313491827283
2020/12/09,0.8333313491827283
2020/12/10,0.8333313491827283
2020/12/12,0.6904486958178074
2020/12/12,0.6904486958178074
2020/12/13,0.6904486958178074
2020/12/14,0.6904486958178074
2020/12/15,0.6904486958178074
2020/12/16,0.6904486958178074
2020/12/17,0.6904486958178074
2020/12/18,0.6904486958178074
2020/12/19,0.6904486958178074
2020/12/20,0.6904486958178074
2020/12/21,0.6904486958178074
2020/12/22,0.6904486958178074
2020/12/23,0.6904486958178074
2020/12/24,0.6904486958178074
2020/12/25,0.6904486958178074
2020/12/26,0.6904486958178074
2020/12/27,0.6904486958178074
2020/12/28,0.6904486958178074
2020/12/29,0.6904486958178074
2020/12/30,0.6785437921880023
2020/12/31,0.6785437921880023
2021/01/01,0.6785437921880023
2021/01/02,0.6785437921880023
2021/01/03,0.6785437921880023
2021/01/04,0.6785437921880023
2021/01/05,0.6785437921880023
2021/01/06,0.6785437921880023
2021/01/07,0.6785437921880023
2021/01/08,0.6785437921880023
2021/01/09,0.6785437921880023
2021/01/10,0.6785437921880023
2021/01/11,0.6785437921880023
2021/01/12,0.6785437921880023
2021/01/13,0.6785437921880023
2021/01/14,0.6785437921880023
2021/01/15,0.6785437921880023
2021/01/16,0.6785437921880023
2021/01/17,0.6785437921880023
2021/01/18,0.6785437921880023
2021/01/19,0.6785437921880023
2021/01/20,0.6785437921880023
2021/01/22,0.6487815331134895
2021/01/23,0.6487815331134895
2021/01/24,0.6485196252336337
2021/01/24,0.6487815331134895
2021/01/25,0.6487815331134895
2021/01/26,0.6487815331134895
2021/01/27,0.6487815331134895
2021/01/28,0.6487815331134895
2021/01/29,0.6487815331134895
2021/01/30,0.6487815331134895
2021/01/31,0.6487815331134895
2021/02/01,0.6487815331134895
2021/02/03,0.6487815331134895
2021/02/03,0.6487815331134895
2021/02/05,0.6487815331134895
2021/02/06,0.6487815331134895
2021/02/06,0.6487815331134895
2021/02/08,0.6487815331134895
2021/02/09,0.6487815331134895
2021/02/09,0.6487815331134895
2021/02/10,0.6249717258538793
2021/02/12,0.6249717258538793
2021/02/13,0.6249717258538793
2021/02/13,0.6249717258538793
2021/02/15,0.6249717258538793
2021/02/15,0.6249717258538793
2021/02/16,0.6249717258538793
2021/02/17,0.6249717258538793
2021/02/18,0.6249717258538793
2021/02/19,0.6249717258538793
2021/02/21,0.6249717258538793
2021/02/21,0.6249717258538793
2021/02/22,0.6249717258538793
2021/02/23,0.6249717258538793
2021/02/24,0.6249717258538793
2021/02/25,0.6249717258538793
2021/02/26,0.6249717258538793
2021/02/27,0.6249717258538793
2021/02/28,0.6249717258538793
2021/03/01,0.6249717258538793
2021/03/02,0.6249717258538793
2021/03/03,0.6249717258538793
2021/03/04,0.6249717258538793
2021/03/05,0.6249717258538793
2021/03/06,0.6249717258538793
2021/03/08,0.6249717258538793
2021/03/08,0.6249717258538793
2021/03/09,0.6249717258538793
2021/03/10,0.6249717258538793
2021/03/11,0.6249717258538793
2021/03/12,0.6249717258538793
2021/03/13,0.6249717258538793
2021/03/14,0.6249717258538793
2021/03/15,0.6249717258538793
2021/03/16,0.6249717258538793
2021/03/17,0.6249717258538793
2021/03/18,0.6249717258538793
2021/03/19,0.6249717258538793
2021/03/20,0.6249717258538793
2021/03/21,0.6249717258538793
2021/03/22,0.6249717258538793
2021/03/23,0.6249717258538793
2021/03/24,0.6249717258538793
2021/03/25,0.6249717258538793
2021/03/26,0.6249717258538793
2021/03/27,0.6249717258538793
2021/03/28,0.6249717258538793
2021/03/29,0.6249717258538793
2021/03/30,0.6249717258538793
2021/03/31,0.6249717258538793
2021/04/01,0.6249717258538793
2021/04/02,0.6249717258538793
2021/04/03,0.6249717258538793
2021/04/04,0.6249717258538793
2021/04/05,0.6249717258538793
2021/04/06,0.6249717258538793
2021/04/07,0.6249717258538793
2021/04/08,0.6249717258538793
2021/04/09,0.6249717258538793
2021/04/10,0.6249717258538793
2021/04/11,0.6249717258538793
2021/04/12,0.6249717258538793
2021/04/13,0.6249717258538793
2021/04/14,0.6249717258538793
2021/04/15,0.6249717258538793
2021/04/16,0.6249717258538793
2021/04/17,0.6249717258538793
2021/04/18,0.6249717258538793
2021/04/19,0.6249717258538793
2021/04/20,0.6249717258538793
2021/04/21,0.6249717258538793
2021/04/22,0.6249717258538793
2021/04/23,0.6249717258538793
2021/04/24,0.6249717258538793
2021/04/25,0.6249717258538793
2021/04/26,0.6249717258538793
2021/04/27,0.6249717258538793
2021/04/28,0.6249717258538793
2021/04/29,0.6249717258538793
2021/04/30,0.6249717258538793
2021/05/01,0.6249717258538793
2021/05/02,0.6249717258538793
2021/05/03,0.6249717258538793
2021/05/04,0.6249717258538793
2021/05/05,0.6249717258538793
2021/05/06,0.6249717258538793
2021/05/07,0.6249717258538793
2021/05/08,0.6249717258538793
2021/05/09,0.6249717258538793
2021/05/10,0.6249717258538793
2021/05/11,0.6249717258538793
2021/05/12,0.6249717258538793
2021/05/13,0.6249717258538793
2021/05/14,0.6249717258538793
2021/05/15,0.6249717258538793
2021/05/16,0.6249717258538793
2021/05/17,0.6249717258538793
2021/05/18,0.6249717258538793
2021/05/19,0.6249717258538793
2021/05/20,0.6249717258538793
2021/05/21,0.6249717258538793
2021/05/22,0.6249717258538793
2021/05/23,0.6249717258538793
2021/05/24,0.6249717258538793
2021/05/25,0.6249717258538793
2021/05/26,0.6249717258538793
2021/05/27,0.6249717258538793
2021/05/28,0.6249717258538793
2021/05/29,0.6249717258538793
2021/05/30,0.6249717258538793
2021/05/31,0.6249717258538793
2021/06/01,0.6249717258538793
2021/06/02,0.6249717258538793
2021/06/03,0.6249717258538793
2021/06/04,0.6249717258538793
2021/06/05,0.6249717258538793
2021/06/06,0.6249717258538793
2021/06/07,0.6249717258538793
2021/06/08,0.6249717258538793
2021/06/09,0.6249717258538793
2021/06/10,0.6249717258538793
2021/06/11,0.6249717258538793
2021/06/12,0.6249717258538793
2021/06/13,0.6249717258538793
2021/06/14,0.6249717258538793
2021/06/15,0.6249717258538793
2021/06/16,0.6249717258538793
2021/06/17,0.6249717258538793
2021/06/18,0.6249717258538793
2021/06/19,0.6249717258538793
2021/06/20,0.6249717258538793
2021/06/21,0.6249717258538793
2021/06/22,0.6249717258538793
2021/06/23,0.6249717258538793
2021/06/24,0.6249717258538793
2021/06/25,0.6249717258538793
2021/06/26,0.6249717258538793
2021/06/27,0.6249717258538793
2021/06/28,0.6249717258538793
2021/06/29,0.6249717258538793
2021/06/30,0.6249717258538793
2021/07/01,0.6249717258538793
2021/07/02,0.6249717258538793
2021/07/03,0.6249717258538793
2021/07/04,0.6249717258538793
2021/07/05,0.6249717258538793
2021/07/06,0.6249717258538793
2021/07/07,0.5952094667793665
2021/07/08,0.5832807533423017
2021/07/09,0.5832807533423017
2021/07/11,0.5237562351932761
2021/07/11,0.5952094667793665
2021/07/12,0.5952094667793665
2021/07/13,0.5952094667793665
2021/07/14,0.5952094667793665
2021/07/15,0.5952094667793665
2021/07/16,0.5952094667793665
2021/07/17,0.5952094667793665
2021/07/18,0.5952094667793665
2021/07/19,0.5952094667793665
2021/07/20,0.5952094667793665
2021/07/21,0.5952094667793665
2021/07/23,0.5833045631495614
2021/07/23,0.5833045631495614
2021/07/24,0.5833045631495614
2021/07/25,0.5833045631495614
2021/07/26,0.5833045631495614
2021/07/27,0.5833045631495614
2021/07/28,0.5833045631495614
2021/07/29,0.5833045631495614
2021/07/30,0.5833045631495614
2021/07/31,0.5833045631495614
2021/08/01,0.5833045631495614
2021/08/02,0.5237562351932761
2021/08/03,0.5237562351932761
2021/08/04,0.5237562351932761
2021/08/05,0.4761366206740556
2021/08/06,0.4761366206740556
2021/08/07,0.4761366206740556
2021/08/08,0.5833045631495614
2021/08/09,0.5833045631495614
2021/08/10,0.5833045631495614
2021/08/11,0.5833045631495614
2021/08/12,0.5833045631495614
2021/08/13,0.5833045631495614
2021/08/14,0.5833045631495614
2021/08/15,0.5833045631495614
2021/08/16,0.5833045631495614
2021/08/17,0.5833045631495614
2021/08/18,0.5833045631495614
2021/08/19,0.5833045631495614
2021/08/20,0.5833045631495614
2021/08/21,0.5833045631495614
2021/08/22,0.5833045631495614
2021/08/23,0.5833045631495614
2021/08/24,0.5833045631495614
2021/08/25,0.5833045631495614
2021/08/26,0.5833045631495614
2021/08/27,0.5833045631495614
2021/08/28,0.5833045631495614
2021/08/29,0.5833045631495614
2021/08/30,0.5833045631495614
2021/08/31,0.5833045631495614
2021/09/01,0.5833045631495614
2021/09/02,0.5833045631495614
2021/09/03,0.5833045631495614
2021/09/04,0.5833045631495614
2021/09/05,0.5833045631495614
2021/09/06,0.5833045631495614
2021/09/07,0.5833045631495614
2021/09/08,0.5833045631495614
2021/09/09,0.5833045631495614
2021/09/10,0.5833045631495614
2021/09/11,0.5833045631495614
2021/09/12,0.5833045631495614
2021/09/13,0.5833045631495614
2021/09/14,0.5833045631495614
2021/09/15,0.5833045631495614
2021/09/16,0.5833045631495614
2021/09/17,0.5833045631495614
2021/09/18,0.5833045631495614
2021/09/19,0.5833045631495614
2021/09/20,0.5833045631495614
2021/09/21,0.5833045631495614
2021/09/22,0.5833045631495614
2021/09/23,0.5833045631495614
2021/09/24,0.5833045631495614
2021/09/25,0.5833045631495614
2021/09/26,0.5833045631495614
2021/09/27,0.5833045631495614
2021/09/28,0.5833045631495614
2021/09/29,0.5833045631495614
2021/09/30,0.5833045631495614
2021/10/01,0.4880415243038607
2021/10/02,0.4880415243038607
2021/10/04,0.4880415243038607
2021/10/05,0.4880415243038607
2021/10/05,0.4880415243038607
2021/10/06,0.4880415243038607
2021/10/07,0.4880415243038607
2021/10/08,0.4880415243038607
2021/10/09,0.4880415243038607
2021/10/10,0.4880415243038607
2021/10/11,0.4880415243038607
2021/10/12,0.4880415243038607
2021/10/13,0.4880415243038607
2021/10/14,0.4880415243038607
2021/10/15,0.4880415243038607
2021/10/16,0.4880415243038607
2021/10/17,0.4880415243038607
2021/10/18,0.4880415243038607
2021/10/19,0.4880415243038607
2021/10/20,0.4880415243038607
2021/10/21,0.4880415243038607
2021/10/22,0.4880415243038607
2021/10/23,0.4880415243038607
2021/10/24,0.4880415243038607
2021/10/25,0.4880415243038607
2021/10/26,0.4880415243038607
2021/10/27,0.4880415243038607
2021/10/28,0.4880415243038607
2021/10/29,0.4880415243038607
2021/10/30,0.4880415243038607
2021/10/31,0.4880415243038607
2021/11/01,0.4880415243038607
2021/11/02,0.4880415243038607
2021/11/04,0.5237562351932761
2021/11/05,0.511851331563471
2021/11/05,0.511851331563471
2021/11/07,0.49994642793366584
2021/11/07,0.49994642793366584
2021/11/08,0.49994642793366584
2021/11/09,0.49994642793366584
2021/11/10,0.49994642793366584
2021/11/11,0.49994642793366584
2021/11/12,0.49994642793366584
2021/11/14,0.49994642793366584
2021/11/14,0.49994642793366584
2021/11/15,0.49994642793366584
2021/11/16,0.49994642793366584
2021/11/18,0.5833045631495614
2021/11/18,0.5833045631495614
2021/11/19,0.5833045631495614
2021/11/20,0.5833045631495614
2021/11/21,0.5833045631495614
2021/11/22,0.5833045631495614
2021/11/23,0.5833045631495614
2021/11/24,0.5833045631495614
2021/11/25,0.5833045631495614
2021/11/26,0.5833045631495614
2021/11/27,0.5833045631495614
2021/11/28,0.5833045631495614
2021/11/29,0.5833045631495614
2021/11/30,0.5833045631495614
2021/12/01,0.5833045631495614
2021/12/02,0.5833045631495614
2021/12/03,0.5833045631495614
2021/12/04,0.5833045631495614
2021/12/05,0.5833045631495614
2021/12/06,0.5833045631495614
2021/12/07,0.5833045631495614
2021/12/08,0.5833045631495614
2021/12/09,0.5594709460826914
2021/12/11,0.5833045631495614
2021/12/11,0.5356611388230812
2021/12/13,0.5356611388230812
2021/12/13,0.5356611388230812
2021/12/14,0.5356611388230812
2021/12/15,0.5356611388230812
2021/12/16,0.5356611388230812
2021/12/17,0.5356611388230812
2021/12/18,0.5356611388230812
2021/12/19,0.5356611388230812
2021/12/20,0.5833045631495614
2021/12/22,0.5833045631495614
2021/12/23,0.5833045631495614
2021/12/23,0.5833045631495614
2021/12/24,0.5833045631495614
2021/12/25,0.5833045631495614
2021/12/26,0.5833045631495614
2021/12/27,0.5833045631495614
2021/12/28,0.5833045631495614
2021/12/29,0.5833045631495614
2021/12/30,0.5833045631495614
2021/12/31,0.5833045631495614
2022/01/01,0.5833045631495614
2022/01/02,0.5833045631495614
2022/01/03,0.5833045631495614
2022/01/04,0.5833045631495614
2022/01/06,0.5833045631495614
2022/01/07,0.5833045631495614
2022/01/07,0.5833045631495614
2022/01/08,0.5833045631495614
2022/01/09,0.5833045631495614
2022/01/11,0.5833045631495614
2022/01/12,0.5833045631495614
2022/01/13,0.5833045631495614
2022/01/13,0.5833045631495614
2022/01/15,0.5833045631495614
2022/01/15,0.5356611388230812
2022/01/16,0.5356611388230812
2022/01/17,0.5356611388230812
2022/01/18,0.5356611388230812
2022/01/20,0.5833045631495614
2022/01/20,0.5356611388230812
2022/01/21,0.5356611388230812
2022/01/23,0.5833045631495614
2022/01/24,0.5833045631495614
2022/01/25,0.5833045631495614
2022/01/26,0.5356611388230812
2022/01/27,0.5833045631495614
2022/01/28,0.5356611388230812
2022/01/28,0.5833045631495614
2022/01/29,0.5833045631495614
2022/01/30,0.5833045631495614
2022/01/31,0.5833045631495614
2022/02/01,0.5833045631495614
2022/02/02,0.5833045631495614
2022/02/03,0.5833045631495614
2022/02/04,0.5833045631495614
2022/02/05,0.5833045631495614
2022/02/06,0.5833045631495614
2022/02/07,0.5833045631495614
2022/02/08,0.5833045631495614
2022/02/09,0.5356611388230812
2022/02/10,0.5356611388230812
2022/02/11,0.5356611388230812
2022/02/13,0.5833045631495614
2022/02/13,0.5833045631495614
2022/02/14,0.5833045631495614
2022/02/15,0.5833045631495614
2022/02/17,0.5833045631495614
2022/02/17,0.5833045631495614
2022/02/18,0.5833045631495614
2022/02/19,0.5833045631495614
2022/02/20,0.5833045631495614
2022/02/21,0.5833045631495614
2022/02/22,0.5833045631495614
2022/02/23,0.5356611388230812
2022/02/24,0.5833045631495614
2022/02/26,0.5356611388230812
2022/02/26,0.5356611388230812
2022/02/27,0.5356611388230812
2022/02/28,0.5356611388230812
2022/03/01,0.5833045631495614
2022/03/02,0.5833045631495614
2022/03/04,0.5356611388230812
2022/03/04,0.5356611388230812
2022/03/06,0.5833045631495614
2022/03/06,0.5833045631495614
2022/03/07,0.5833045631495614
2022/03/08,0.5833045631495614
2022/03/09,0.5833045631495614
2022/03/10,0.5833045631495614
2022/03/11,0.5356611388230812
2022/03/12,0.5356611388230812
2022/03/13,0.46427933665876975
2022/03/14,0.46427933665876975
2022/03/15,0.46427933665876975
2022/03/16,0.46427933665876975
2022/03/17,0.4285646257693544
2022/03/18,0.4285646257693544
2022/03/19,0.41661210252503006
2022/03/20,0.41546923177656875
2022/03/21,0.41546923177656875
2022/03/22,0.41546923177656875
2022/03/23,0.41546923177656875
2022/03/24,0.41546923177656875
2022/03/25,0.4404695293991595
2022/03/26,0.4404695293991595
2022/03/27,0.4404695293991595
2022/03/28,0.4404695293991595
2022/03/29,0.4404695293991595
2022/03/30,0.4404695293991595
2022/03/31,0.4404695293991595
2022/04/01,0.4404695293991595
2022/04/02,0.4404695293991595
2022/04/03,0.4404695293991595
2022/04/04,0.4404695293991595
2022/04/05,0.4404695293991595
2022/04/06,0.4285646257693544
2022/04/07,0.4285646257693544
2022/04/08,0.4285646257693544
2022/04/10,0.4404695293991595
2022/04/10,0.4404695293991595
2022/04/11,0.4404695293991595
2022/04/12,0.4404695293991595
2022/04/13,0.4130406314360885
2022/04/14,0.4404695293991595
2022/04/15,0.4333265872212764
2022/04/16,0.4333265872212764
2022/04/17,0.4333265872212764
2022/04/19,0.4178502125025298
2022/04/19,0.4178502125025298
2022/04/21,0.4142787414135883
2022/04/21,0.40475481850974415
2022/04/22,0.40475481850974415
2022/04/23,0.3976118763318611
2022/04/24,0.39404040524291956
2022/04/25,0.39404040524291956
2022/04/26,0.39404040524291956
2022/04/28,0.39165942451695857
2022/04/29,0.3892784437909975
2022/04/29,0.3892784437909975
2022/04/30,0.3892784437909975
2022/05/02,0.385706972702056
2022/05/02,0.385706972702056
2022/05/03,0.385706972702056
2022/05/05,0.385706972702056
2022/05/05,0.385706972702056
2022/05/06,0.385706972702056
2022/05/07,0.385706972702056
2022/05/08,0.385706972702056
2022/05/09,0.385706972702056
2022/05/10,0.385706972702056
2022/05/11,0.385706972702056
2022/05/12,0.385706972702056
2022/05/13,0.385706972702056
2022/05/14,0.5833045631495614
2022/05/15,0.5833045631495614
2022/05/16,0.5833045631495614
2022/05/17,0.5833045631495614
2022/05/18,0.5833045631495614
2022/05/19,0.5833045631495614
2022/05/20,0.5833045631495614
2022/05/21,0.5833045631495614
2022/05/22,0.5833045631495614
2022/05/23,0.5833045631495614
2022/05/24,0.5833045631495614
2022/05/25,0.5833045631495614
2022/05/26,0.5833045631495614
2022/05/27,0.5833045631495614
2022/05/28,0.5833045631495614
2022/05/29,0.5833045631495614
2022/05/30,0.5833045631495614
2022/05/31,0.5833045631495614
2022/06/01,0.5833045631495614
2022/06/02,0.5833045631495614
2022/06/03,0.4761604304813153
2022/06/04,0.4761604304813153
2022/06/05,0.4761604304813153
2022/06/06,0.4761604304813153
2022/06/07,0.4761604304813153
2022/06/08,0.4761604304813153
2022/06/09,0.4761604304813153
2022/06/10,0.4761604304813153
2022/06/11,0.4761604304813153
2022/06/12,0.4761604304813153
2022/06/13,0.4761604304813153
2022/06/14,0.4761604304813153
2022/06/15,0.4761604304813153
2022/06/16,0.4761604304813153
2022/06/18,0.4761604304813153
2022/06/18,0.4761604304813153
2022/06/19,0.4761604304813153
2022/06/20,0.4761604304813153
2022/06/21,0.4761604304813153
2022/06/22,0.4761604304813153
2022/06/23,0.4761604304813153
2022/06/24,0.4761604304813153
2022/06/25,0.4761604304813153
2022/06/26,0.4761604304813153
2022/06/27,0.4761604304813153
2022/06/28,0.4761604304813153
2022/06/29,0.4761604304813153
2022/06/30,0.4761604304813153
2022/07/01,0.4761604304813153
2022/07/02,0.4761604304813153
2022/07/03,0.4761604304813153
2022/07/04,0.4761604304813153
2022/07/05,0.4761604304813153
2022/07/06,0.4761604304813153
2022/07/07,0.4761604304813153
2022/07/08,0.4761604304813153
2022/07/09,0.4761604304813153
2022/07/10,0.4761604304813153
2022/07/11,0.4761604304813153
2022/07/12,0.4761604304813153
2022/07/13,0.4761604304813153
2022/07/14,0.4761604304813153
2022/07/15,0.4761604304813153
2022/07/16,0.4761604304813153
2022/07/17,0.4761604304813153
2022/07/18,0.4761604304813153
2022/07/19,0.4761604304813153
2022/07/20,0.4761604304813153
2022/07/21,0.4761604304813153
2022/07/22,0.4761604304813153
2022/07/23,0.4761604304813153
2022/07/25,0.4761604304813153
2022/07/25,0.4761604304813153
2022/07/26,0.4761604304813153
2022/07/27,0.4761604304813153
2022/07/28,0.4761604304813153
2022/07/29,0.4761604304813153
2022/07/30,0.4761604304813153
